Product_ID,Product_Name,Category,Brand,Supplier
PRD-0001,Realme Lite D7,Wearable,Nokia,Global Distributors
PRD-0002,OnePlusPhoneC56,Wearable,POCO,Urban Retail
PRD-0003,Xiaomi XPhone Z2,Accessory,Nokia,Global Distributors
PRD-0004,Realme XPhone L155,Tablet,Realme,Urban Retail
PRD-0005,SAMSUNG XPHONE S50,Laptop,Nokia,Meraki Supplies
PRD-0006,Xiaomi Alpha U94,Home Appliance,Xiaomi,Urban Retail
PRD-0007,POCO Lite H42,Home Appliance,Apple,Sunrise Traders
PRD-0008,Nokia Phone Z81,Accessory,POCO,Prime Wholesale
PRD-0009,Realme Lite O37,Tablet,Nokia,Meraki Supplies
PRD-0010,POCOSmartE131,Home Appliance,Samsung,Prime Wholesale
PRD-0011,Vivo Alpha T120,Mobile,Vivo,Meraki Supplies
PRD-0012,Realme Lite K29,Accessory,Xiaomi,Urban Retail
PRD-0013,Vivo Phone U77,Wearable,Sony,Meraki Supplies
PRD-0014,Motorola Alpha A29,Wearable,Samsung,Prime Wholesale
PRD-0015,Xiaomi Phone Y137,Wearable,OnePlus,Urban Retail
PRD-0016,Realme Lite W52,Tablet,OnePlus,Global Distributors
PRD-0017,Vivo XPhone A151,Laptop,APPLE,Meraki Supplies
PRD-0018,Realme Phone Q61,Wearable,OnePlus,Prime Wholesale
PRD-0019,Samsung Alpha G25,Mobile,Samsung,Global Distributors
PRD-0020,Samsung Alpha X87,Accessory,Samsung,Prime Wholesale
PRD-0021,Vivo Pro D13,Laptop,POCO,Sunrise Traders
PRD-0022,NOKIA ALPHA B43,Accessory,Vivo,Prime Wholesale
PRD-0023,OnePlus Smart G76,Mobile,POCO,Urban Retail
PRD-0024,Vivo Pro F15,Laptop,Sony,Sunrise Traders
PRD-0025,Sony Pro T11,Accessory,Motorola,Sunrise Traders
PRD-0026,Realme XPhone M34,wearable,Samsung,Global Distributors
PRD-0027,Realme Pro G130,Accessory,Vivo,Meraki Supplies
PRD-0028,VIVO PRO Z168,Laptop,Samsung,Urban Retail
PRD-0029,Sony Smart I73,Wearable,Apple,Global Distributors
PRD-0030,APPLE LITE N71,Home Appliance,Nokia,Urban Retail
PRD-0031,Xiaomi Phone D20,Laptop,MOTOROLA,Global Distributors
PRD-0032,OnePlus XPhone G175,Wearable,OnePlus,Sunrise Traders
PRD-0033,Xiaomi Smart N7,Home Appliance,Realme,Sunrise Traders
PRD-0034,Apple Lite D98,Accessory,OnePlus,Sunrise Traders
PRD-0035,Nokia Phone V50,Home Appliance,Vivo,Meraki Supplies
PRD-0036,Xiaomi Phone D67,Accessory,Motorola,Prime Wholesale
PRD-0037,Nokia Pro Q30,Wearable,Vivo,Sunrise Traders
PRD-0038,Motorola XPhone N18,Wearable,Nokia,Meraki Supplies
PRD-0039,Vivo Alpha W76,Laptop,Realme,Prime Wholesale
PRD-0040,Realme Pro A78,Tablet,OnePlus,Urban Retail
PRD-0041,Xiaomi Alpha Z189,Mobile,OnePlus,Meraki Supplies
PRD-0042,XIAOMI SMART Z51,Mobile,Sony,Sunrise Traders
PRD-0043,POCO Lite W99,Mobile,OnePlus,Sunrise Traders
PRD-0044,Apple Lite Q119,Tablet,Vivo,Urban Retail
PRD-0045,Sony XPhone Y114,Tablet,POCO,Prime Wholesale
PRD-0046,Realme XPhone Y64,Mobile,OnePlus,Meraki Supplies
PRD-0047,Samsung XPhone K139,Mobile,Motorola,Urban Retail
PRD-0048,OnePlus Alpha N16,Mobile,Sony,Prime Wholesale
PRD-0049,Realme Alpha A91,Home Appliance,Sony,Sunrise Traders
PRD-0050,Nokia Alpha H70,Home Appliance,POCO,Sunrise Traders
PRD-0051,Nokia Pro R7,Tablet,Realme,Prime Wholesale
PRD-0052,Motorola XPhone G117,Tablet,Samsung,Prime Wholesale
PRD-0053,Apple Phone X139,Home Appliance,APPLE,Sunrise Traders
PRD-0054,Xiaomi Smart A160,Tablet,Motorola,Sunrise Traders
PRD-0055,Samsung Pro T192,Accessory,Nokia,Prime Wholesale
PRD-0056,Sony Lite G20,Home Appliance,Samsung,Urban Retail
PRD-0057,Nokia Phone L137,tablet,Samsung,Prime Wholesale
PRD-0058,Xiaomi XPhone U118,Wearable,POCO,Prime Wholesale
PRD-0059,Motorola Lite S69,Laptop,Sony,Urban Retail
PRD-0060,Apple Lite M87,Accessory,Sony,Meraki Supplies
PRD-0061,OnePlus Pro A133,Home Appliance,POCO,Prime Wholesale
PRD-0062,OnePlus Phone C76,Wearable,Nokia,Urban Retail
PRD-0063,POCO XPhone L180,Mobile,Xiaomi,Sunrise Traders
PRD-0064,Realme Smart X124,Mobile,Realme,Sunrise Traders
PRD-0065,Apple XPhone F78,Accessory,Xiaomi,Prime Wholesale
PRD-0066,Realme Phone A147,Tablet,Samsung,Prime Wholesale
PRD-0067,Apple Alpha C148,Laptop,Nokia,Urban Retail
PRD-0068,OnePlus Pro Z159,Wearable,Realme,Urban Retail
PRD-0069,Samsung Pro B157,Laptop,Vivo,Global Distributors
PRD-0070,POCO Smart A105,Accessory,POCO,Global Distributors
PRD-0071,Sony Lite H68,Home Appliance,Realme,Sunrise Traders
PRD-0072,Realme Phone B43,Tablet,Nokia,Meraki Supplies
PRD-0073,POCOProR127,Accessory,ONEPLUS,Urban Retail
PRD-0074,Realme Pro A196,Tablet,Xiaomi,Urban Retail
PRD-0075,Samsung Alpha U126,Laptop,POCO,Meraki Supplies
PRD-0076,VIVO LITE M195,Tablet,Apple,Urban Retail
PRD-0077,OnePlus Alpha N14,Mobile,Vivo,Sunrise Traders
PRD-0078,POCO XPhone O179,Laptop,Apple,Urban Retail
PRD-0079,Samsung Alpha C58,Home Appliance,Realme,Prime Wholesale
PRD-0080,POCO Alpha P63,Laptop,Realme,Prime Wholesale
PRD-0081,Realme XPhone Z130,Home Appliance,Xiaomi,Prime Wholesale
PRD-0082,Motorola Pro P89,Laptop,OnePlus,Urban Retail
PRD-0083,NOKIA ALPHA H199,Tablet,Xiaomi,Prime Wholesale
PRD-0084,Sony Phone E129,Tablet,XIAOMI,Prime Wholesale
PRD-0085,POCO Lite E20,Mobile,Vivo,Prime Wholesale
PRD-0086,POCOXPhoneU184,Accessory,Samsung,Prime Wholesale
PRD-0087,Samsung Phone Y163,mobile,Motorola,Prime Wholesale
PRD-0088,Nokia Smart H136,Tablet,OnePlus,Prime Wholesale
PRD-0089,POCO Pro E60,Tablet,Vivo,Sunrise Traders
PRD-0090,Sony Phone O89,Accessory,Nokia,Prime Wholesale
PRD-0091,Sony Phone H98,home appliance,Apple,Urban Retail
PRD-0092,Apple Lite Y191,Laptop,Motorola,Sunrise Traders
PRD-0093,Realme Lite G159,Home Appliance,Apple,Meraki Supplies
PRD-0094,Motorola Alpha B149,Laptop,Vivo,Meraki Supplies
PRD-0095,Xiaomi Pro Q70,Home Appliance,Samsung,Prime Wholesale
PRD-0096,OnePlus Phone E194,Wearable,Nokia,Global Distributors
PRD-0097,POCO XPhone R32,Home Appliance,Samsung,Sunrise Traders
PRD-0098,Vivo Alpha A159,Tablet,Realme,Prime Wholesale
PRD-0099,Apple Phone E12,Laptop,Motorola,Urban Retail
PRD-0100,Xiaomi Alpha S191,Accessory,MOTOROLA,Sunrise Traders
PRD-0101,Motorola Alpha O61,Accessory,REALME,Sunrise Traders
PRD-0102,oneplus phone o24,Laptop,Sony,Sunrise Traders
PRD-0103,OnePlus Phone Y142,Wearable,XIAOMI,Sunrise Traders
PRD-0104,samsungproi45,Laptop,Apple,Sunrise Traders
PRD-0105,Nokia XPhone B33,Wearable,POCO,Urban Retail
PRD-0106,Vivo Smart T12,Tablet,Samsung,Prime Wholesale
PRD-0107,Samsung Lite O19,Wearable,Motorola,Prime Wholesale
PRD-0108,POCO Pro Q76,Home Appliance,Vivo,Sunrise Traders
PRD-0109,Nokia Alpha O59,Tablet,Realme,Meraki Supplies
PRD-0110,Samsung Smart V122,Accessory,Vivo,Global Distributors
PRD-0111,Motorola Pro R144,Tablet,Apple,Meraki Supplies
PRD-0112,Samsung Pro J91,Mobile,Vivo,Meraki Supplies
PRD-0113,Sony Phone Y72,Wearable,Vivo,Global Distributors
PRD-0114,REALME PRO V178,Accessory,XIAOMI,Urban Retail
PRD-0115,Xiaomi Lite M18,Tablet,Motorola,Sunrise Traders
PRD-0116,Motorola XPhone J185,Laptop,Apple,Global Distributors
PRD-0117,Nokia XPhone O170,Mobile,Samsung,Meraki Supplies
PRD-0118,POCO Lite V152,Mobile,REALME,Sunrise Traders
PRD-0119,RealmeSmartY66,Tablet,OnePlus,Urban Retail
PRD-0120,Samsung Pro V91,Mobile,Sony,Prime Wholesale
PRD-0121,Nokia Pro M182,Wearable,Motorola,Global Distributors
PRD-0122,Nokia Alpha D63,Accessory,Xiaomi,Global Distributors
PRD-0123,Vivo Pro U30,Home Appliance,OnePlus,Global Distributors
PRD-0124,Xiaomi Smart I51,Home Appliance,Sony,Urban Retail
PRD-0125,Sony Alpha V145,Tablet,Realme,Meraki Supplies
PRD-0126,VIVO PRO B91,Accessory,Samsung,Urban Retail
PRD-0127,POCO Pro Q99,wearable,Motorola,Urban Retail
PRD-0128,Apple Alpha Q39,Mobile,Xiaomi,Global Distributors
PRD-0129,POCO Smart W113,Tablet,Motorola,Urban Retail
PRD-0130,MOTOROLA PHONE Z162,Home Appliance,Sony,Sunrise Traders
PRD-0131,Xiaomi XPhone C150,Laptop,Samsung,Meraki Supplies
PRD-0132,Motorola Pro M165,Home Appliance,Samsung,Prime Wholesale
PRD-0133,Motorola Pro L5,Laptop,Xiaomi,Sunrise Traders
PRD-0134,Vivo Phone J26,accessory,Sony,Sunrise Traders
PRD-0135,Xiaomi Pro M40,Home Appliance,Nokia,Meraki Supplies
PRD-0136,POCO Lite X61,Laptop,POCO,Sunrise Traders
PRD-0137,POCO XPhone V147,Laptop,Sony,Sunrise Traders
PRD-0138,POCO XPhone B165,Mobile,Xiaomi,Meraki Supplies
PRD-0139,Nokia Alpha Q38,Mobile,Nokia,Urban Retail
PRD-0140,SamsungXPhoneH99,Home Appliance,Xiaomi,Sunrise Traders
PRD-0141,Xiaomi Phone J121,Mobile,Xiaomi,Urban Retail
PRD-0142,Nokia Lite T136,tablet,Sony,Prime Wholesale
PRD-0143,Sony Phone D128,Accessory,Sony,Meraki Supplies
PRD-0144,Xiaomi Smart S107,Wearable,Vivo,Urban Retail
PRD-0145,Apple Phone M121,mobile,Samsung,Urban Retail
PRD-0146,XIAOMI LITE Y86,Home Appliance,POCO,Sunrise Traders
PRD-0147,POCO SMART C184,Accessory,Vivo,Prime Wholesale
PRD-0148,Apple Pro P65,Home Appliance,Samsung,Meraki Supplies
PRD-0149,POCO Alpha M191,Tablet,Vivo,Meraki Supplies
PRD-0150,Samsung Phone X109,Mobile,Realme,Meraki Supplies
PRD-0151,Nokia Alpha T184,Accessory,Nokia,Meraki Supplies
PRD-0152,Samsung Lite Z15,Laptop,Xiaomi,Urban Retail
PRD-0153,Apple Lite Z113,Wearable,XIAOMI,Prime Wholesale
PRD-0154,Samsung XPhone L114,Laptop,Apple,Sunrise Traders
PRD-0155,Vivo Alpha Q100,Wearable,POCO,Sunrise Traders
PRD-0156,POCO Phone E19,Accessory,Samsung,Urban Retail
PRD-0157,Xiaomi Pro J77,Wearable,OnePlus,Sunrise Traders
PRD-0158,Apple Smart Z127,Laptop,Samsung,Global Distributors
PRD-0159,POCO XPhone M184,Accessory,POCO,Prime Wholesale
PRD-0160,Xiaomi Lite Q89,Laptop,Apple,Global Distributors
PRD-0161,Xiaomi Pro E78,Wearable,Samsung,Meraki Supplies
PRD-0162,Realme Smart U142,Laptop,Sony,Sunrise Traders
PRD-0163,Sony Smart V160,Mobile,SONY,Meraki Supplies
PRD-0164,Sony Lite G197,Accessory,Realme,Prime Wholesale
PRD-0165,Nokia Smart Z176,Tablet,Motorola,Urban Retail
PRD-0166,Motorola Smart K184,Accessory,Samsung,Meraki Supplies
PRD-0167,Realme Smart O32,Wearable,Xiaomi,Meraki Supplies
PRD-0168,OnePlus Pro X81,Accessory,Samsung,Prime Wholesale
PRD-0169,OnePlusProO62,Home Appliance,Realme,Urban Retail
PRD-0170,Xiaomi Phone D111,Tablet,VIVO,Sunrise Traders
PRD-0171,Samsung XPhone R74,Wearable,Samsung,Sunrise Traders
PRD-0172,Motorola Phone M96,Tablet,Apple,Global Distributors
PRD-0173,POCO Smart W86,Wearable,Nokia,Urban Retail
PRD-0174,Motorola Lite J152,Tablet,Motorola,Meraki Supplies
PRD-0175,Sony Lite D107,Wearable,Sony,Urban Retail
PRD-0176,Sony Smart X14,Tablet,OnePlus,Global Distributors
PRD-0177,ONEPLUS PRO W29,Tablet,Sony,Prime Wholesale
PRD-0178,Xiaomi Lite X16,Tablet,Xiaomi,Prime Wholesale
PRD-0179,Motorola Pro K140,Accessory,OnePlus,Sunrise Traders
PRD-0180,OnePlus XPhone R77,Home Appliance,Motorola,Prime Wholesale
PRD-0181,Realme XPhone R185,Tablet,Xiaomi,Meraki Supplies
PRD-0182,Samsung Phone J183,Laptop,Realme,Urban Retail
PRD-0183,Samsung Lite I36,Wearable,OnePlus,Global Distributors
PRD-0184,poco phone n85,Laptop,POCO,Prime Wholesale
PRD-0185,Realme Lite G194,Wearable,Apple,Sunrise Traders
PRD-0186,Nokia Alpha F10,Accessory,Apple,Meraki Supplies
PRD-0187,Motorola Pro T28,Laptop,POCO,Meraki Supplies
PRD-0188,Motorola Smart Z29,Home Appliance,Realme,Urban Retail
PRD-0189,Xiaomi Lite Y50,Accessory,Samsung,Sunrise Traders
PRD-0190,ONEPLUS SMART P83,Accessory,Sony,Global Distributors
PRD-0191,ONEPLUS XPHONE U93,Wearable,Realme,Global Distributors
PRD-0192,Sony Lite J95,Wearable,Vivo,Prime Wholesale
PRD-0193,OnePlus Pro Z171,Wearable,Motorola,Global Distributors
PRD-0194,Vivo Pro D16,Wearable,OnePlus,Urban Retail
PRD-0195,POCO Alpha C131,Mobile,Realme,Global Distributors
PRD-0196,OnePlusAlphaI1,Mobile,Samsung,Prime Wholesale
PRD-0197,Xiaomi Phone J105,Tablet,Nokia,Prime Wholesale
PRD-0198,Vivo Alpha M21,Tablet,OnePlus,Global Distributors
PRD-0199,Vivo Phone J119,Laptop,Samsung,Global Distributors
PRD-0200,Apple Lite N158,Home Appliance,Apple,Sunrise Traders
PRD-0201,POCO Lite B103,Wearable,OnePlus,Urban Retail
PRD-0202,Motorola XPhone S154,Tablet,Apple,Urban Retail
PRD-0203,NokiaProX45,Tablet,Motorola,Prime Wholesale
PRD-0204,Nokia Alpha E77,Home Appliance,POCO,Global Distributors
PRD-0205,Vivo Pro N107,Mobile,Motorola,Global Distributors
PRD-0206,Apple Pro X49,Laptop,Sony,Urban Retail
PRD-0207,Motorola Smart P54,Home Appliance,POCO,Sunrise Traders
PRD-0208,OnePlus Lite T181,Tablet,Motorola,Meraki Supplies
PRD-0209,POCO XPhone L132,Accessory,Motorola,Meraki Supplies
PRD-0210,OnePlusAlphaB145,Home Appliance,Xiaomi,Sunrise Traders
PRD-0211,Sony XPhone H98,Accessory,POCO,Prime Wholesale
PRD-0212,Motorola Alpha F188,Wearable,Apple,Urban Retail
PRD-0213,Apple Phone C172,Home Appliance,OnePlus,Urban Retail
PRD-0214,Sony Alpha L16,Mobile,VIVO,Prime Wholesale
PRD-0215,Realme Phone A136,Tablet,Xiaomi,Global Distributors
PRD-0216,OnePlus Phone Q39,Tablet,Nokia,Prime Wholesale
PRD-0217,OnePlus Pro H179,Home Appliance,Samsung,Prime Wholesale
PRD-0218,POCOALPHAM142,Tablet,Motorola,Urban Retail
PRD-0219,OnePlus Phone Q11,Mobile,Realme,Urban Retail
PRD-0220,Xiaomi Pro V9,Home Appliance,Samsung,Meraki Supplies
PRD-0221,Sony Smart S62,Home Appliance,Samsung,Urban Retail
PRD-0222,Samsung Lite L14,Wearable,Motorola,Global Distributors
PRD-0223,POCO Lite I116,Wearable,Samsung,Urban Retail
PRD-0224,Samsung XPhone Z64,Home Appliance,Motorola,Global Distributors
PRD-0225,POCO Phone A79,Tablet,Vivo,Prime Wholesale
PRD-0226,Motorola Phone A23,Mobile,Nokia,Global Distributors
PRD-0227,Sony Lite R63,Accessory,Samsung,Sunrise Traders
PRD-0228,Realme Alpha I108,Home Appliance,Sony,Sunrise Traders
PRD-0229,REALME ALPHA D35,Accessory,Nokia,Urban Retail
PRD-0230,Sony Smart J83,Accessory,POCO,Urban Retail
PRD-0231,Realme Smart K97,Wearable,Xiaomi,Urban Retail
PRD-0232,OnePlus Phone X119,Tablet,Xiaomi,Meraki Supplies
PRD-0233,Xiaomi Smart I169,Tablet,Vivo,Urban Retail
PRD-0234,Apple Lite N140,Home Appliance,Samsung,Sunrise Traders
PRD-0235,XiaomiLiteV91,Tablet,Motorola,Prime Wholesale
PRD-0236,Realme Phone A26,Laptop,Nokia,Prime Wholesale
PRD-0237,Vivo Lite S177,Mobile,Xiaomi,Meraki Supplies
PRD-0238,OnePlus XPhone K117,Tablet,Realme,Global Distributors
PRD-0239,Motorola Lite D6,Laptop,Vivo,Sunrise Traders
PRD-0240,POCO XPhone R110,Tablet,Sony,Sunrise Traders
PRD-0241,NOKIA ALPHA S110,Mobile,Vivo,Sunrise Traders
PRD-0242,POCO XPhone K51,Accessory,Sony,Prime Wholesale
PRD-0243,Motorola Pro D90,Accessory,Sony,Global Distributors
PRD-0244,Samsung Lite E81,Tablet,Xiaomi,Urban Retail
PRD-0245,POCO Alpha N48,Wearable,Realme,Sunrise Traders
PRD-0246,sony smart k116,Tablet,Vivo,Prime Wholesale
PRD-0247,Nokia Alpha V126,Laptop,Realme,Sunrise Traders
PRD-0248,POCO Pro J44,Wearable,Vivo,Meraki Supplies
PRD-0249,POCO Pro Y11,Laptop,Apple,Prime Wholesale
PRD-0250,POCO XPhone L23,Home Appliance,Motorola,Urban Retail
PRD-0251,Sony Lite N43,Accessory,Sony,Urban Retail
PRD-0252,Realme Smart K181,Home Appliance,Xiaomi,Prime Wholesale
PRD-0253,Xiaomi Phone I168,Laptop,Nokia,Prime Wholesale
PRD-0254,Realme Smart S162,Mobile,Realme,Meraki Supplies
PRD-0255,SONY ALPHA P84,Tablet,Motorola,Global Distributors
PRD-0256,Nokia Pro M56,Wearable,Sony,Prime Wholesale
PRD-0257,APPLE XPHONE V196,laptop,Apple,Prime Wholesale
PRD-0258,Realme Smart W34,Accessory,Xiaomi,Global Distributors
PRD-0259,OnePlus Alpha U79,Mobile,OnePlus,Urban Retail
PRD-0260,Apple Lite O3,Laptop,OnePlus,Prime Wholesale
PRD-0261,Samsung Phone X27,Laptop,Xiaomi,Global Distributors
PRD-0262,Sony Pro S3,Laptop,Sony,Prime Wholesale
PRD-0263,Xiaomi Smart C26,Accessory,OnePlus,Meraki Supplies
PRD-0264,Vivo Lite C64,Mobile,Realme,Sunrise Traders
PRD-0265,OnePlus Pro T131,Laptop,Samsung,Sunrise Traders
PRD-0266,Samsung Alpha U153,Laptop,Sony,Prime Wholesale
PRD-0267,Xiaomi XPhone R175,mobile,ONEPLUS,Global Distributors
PRD-0268,Vivo Phone Z102,Tablet,Vivo,Urban Retail
PRD-0269,Samsung Pro E72,Wearable,Sony,Global Distributors
PRD-0270,ONEPLUS XPHONE W112,Wearable,XIAOMI,Global Distributors
PRD-0271,Apple Phone W36,Home Appliance,Motorola,Sunrise Traders
PRD-0272,SamsungLiteY69,Mobile,Sony,Global Distributors
PRD-0273,MOTOROLA ALPHA O131,Mobile,Samsung,Sunrise Traders
PRD-0274,AppleLiteQ1,Laptop,Apple,Urban Retail
PRD-0275,Nokia Lite X168,Mobile,Samsung,Urban Retail
PRD-0276,OnePlus Lite B46,Tablet,Realme,Meraki Supplies
PRD-0277,Apple Phone R117,Laptop,Sony,Prime Wholesale
PRD-0278,oneplus smart x140,Home Appliance,Apple,Meraki Supplies
PRD-0279,Nokia Phone Y169,Laptop,Apple,Sunrise Traders
PRD-0280,Apple Lite I24,Accessory,Samsung,Urban Retail
PRD-0281,NOKIA PHONE Q35,Laptop,Motorola,Prime Wholesale
PRD-0282,Motorola Lite X84,Wearable,Samsung,Sunrise Traders
PRD-0283,Nokia Alpha O81,Tablet,Samsung,Global Distributors
PRD-0284,Realme Smart Z176,Accessory,OnePlus,Meraki Supplies
PRD-0285,Realme Alpha Q13,Tablet,Vivo,Sunrise Traders
PRD-0286,Xiaomi Phone O27,Laptop,Motorola,Global Distributors
PRD-0287,SAMSUNG PRO S67,Laptop,Motorola,Global Distributors
PRD-0288,Xiaomi Phone O13,Tablet,Xiaomi,Meraki Supplies
PRD-0289,Realme Smart F71,Home Appliance,Nokia,Urban Retail
PRD-0290,Realme Alpha B23,Laptop,Vivo,Global Distributors
PRD-0291,Motorola Alpha Z183,Accessory,Xiaomi,Global Distributors
PRD-0292,Apple XPhone T57,Wearable,Sony,Sunrise Traders
PRD-0293,OnePlus Smart D64,Laptop,Nokia,Meraki Supplies
PRD-0294,Sony Smart F61,Home Appliance,Sony,Urban Retail
PRD-0295,POCO Smart S49,Wearable,Vivo,Prime Wholesale
PRD-0296,OnePlus Phone K158,Accessory,XIAOMI,Urban Retail
PRD-0297,Samsung Lite E199,Home Appliance,Samsung,Meraki Supplies
PRD-0298,Xiaomi XPhone K35,Accessory,Vivo,Urban Retail
PRD-0299,Sony XPhone H171,Laptop,Sony,Prime Wholesale
PRD-0300,Sony Pro B47,Mobile,Xiaomi,Meraki Supplies
PRD-0301,Motorola Lite C61,Home Appliance,Motorola,Prime Wholesale
PRD-0302,OnePlus Phone I54,Mobile,Nokia,Sunrise Traders
PRD-0303,Motorola Alpha P97,Home Appliance,OnePlus,Sunrise Traders
PRD-0304,REALME ALPHA C9,Tablet,Samsung,Urban Retail
PRD-0305,Sony Phone K153,Wearable,Xiaomi,Global Distributors
PRD-0306,OnePlus Phone K53,Home Appliance,OnePlus,Global Distributors
PRD-0307,Vivo Phone M147,Accessory,Sony,Prime Wholesale
PRD-0308,OnePlus Smart D7,Accessory,POCO,Prime Wholesale
PRD-0309,Vivo Lite I24,Mobile,POCO,Meraki Supplies
PRD-0310,Apple Smart I145,Wearable,Sony,Sunrise Traders
PRD-0311,Vivo Pro B100,Laptop,Samsung,Prime Wholesale
PRD-0312,Sony Lite B129,Mobile,POCO,Sunrise Traders
PRD-0313,XIAOMI SMART G50,Home Appliance,Sony,Meraki Supplies
PRD-0314,Samsung XPhone X18,Tablet,Apple,Urban Retail
PRD-0315,Samsung Pro Q108,Mobile,Sony,Global Distributors
PRD-0316,Nokia XPhone R89,Laptop,Xiaomi,Urban Retail
PRD-0317,NOKIA PRO V178,Home Appliance,Realme,Meraki Supplies
PRD-0318,Realme Phone K78,Laptop,POCO,Meraki Supplies
PRD-0319,Sony XPhone X107,Home Appliance,Vivo,Meraki Supplies
PRD-0320,Samsung Phone Q41,Wearable,ONEPLUS,Sunrise Traders
PRD-0321,POCO PHONE H9,Tablet,Samsung,Global Distributors
PRD-0322,Sony Smart L126,Accessory,Realme,Global Distributors
PRD-0323,Apple XPhone A99,Home Appliance,OnePlus,Meraki Supplies
PRD-0324,Apple Lite N132,Laptop,Sony,Global Distributors
PRD-0325,Realme Smart I156,Accessory,OnePlus,Prime Wholesale
PRD-0326,Sony XPhone V134,Accessory,Sony,Urban Retail
PRD-0327,Samsung XPhone J176,Accessory,Realme,Sunrise Traders
PRD-0328,OnePlus Smart Q196,Home Appliance,Xiaomi,Global Distributors
PRD-0329,Realme Lite P76,Wearable,Motorola,Sunrise Traders
PRD-0330,POCO Lite R164,Home Appliance,Xiaomi,Meraki Supplies
PRD-0331,Realme Phone P33,Accessory,OnePlus,Meraki Supplies
PRD-0332,Nokia Smart X79,Mobile,Sony,Urban Retail
PRD-0333,OnePlus Pro C121,Mobile,Xiaomi,Sunrise Traders
PRD-0334,Sony Smart K105,Laptop,POCO,Meraki Supplies
PRD-0335,APPLE LITE F81,Laptop,Samsung,Sunrise Traders
PRD-0336,Nokia Pro N163,laptop,Apple,Meraki Supplies
PRD-0337,Apple Pro G5,Laptop,Vivo,Urban Retail
PRD-0338,Apple XPhone F17,Accessory,Xiaomi,Meraki Supplies
PRD-0339,OnePlus Alpha L193,laptop,Xiaomi,Sunrise Traders
PRD-0340,Vivo Lite A151,home appliance,Vivo,Urban Retail
PRD-0341,SamsungPhoneT13,Tablet,Realme,Prime Wholesale
PRD-0342,Apple Lite E53,Wearable,Nokia,Global Distributors
PRD-0343,Samsung Pro X159,Accessory,OnePlus,Meraki Supplies
PRD-0344,XIAOMI LITE N76,Accessory,Apple,Global Distributors
PRD-0345,POCO Phone S172,Mobile,OnePlus,Prime Wholesale
PRD-0346,Apple XPhone I119,Home Appliance,Samsung,Global Distributors
PRD-0347,Xiaomi Phone A36,Home Appliance,Motorola,Sunrise Traders
PRD-0348,POCO Phone M103,Home Appliance,Xiaomi,Global Distributors
PRD-0349,Apple Smart W186,Tablet,POCO,Sunrise Traders
PRD-0350,Motorola Pro M200,Laptop,POCO,Global Distributors
PRD-0351,Samsung Alpha O12,Home Appliance,Sony,Sunrise Traders
PRD-0352,Vivo Lite K133,Tablet,Nokia,Sunrise Traders
PRD-0353,Apple Pro T14,Laptop,POCO,Meraki Supplies
PRD-0354,Apple Smart K72,Mobile,Sony,Prime Wholesale
PRD-0355,Motorola Phone P115,Tablet,VIVO,Global Distributors
PRD-0356,Sony Phone Z155,Tablet,Motorola,Global Distributors
PRD-0357,Vivo Smart O85,Tablet,OnePlus,Global Distributors
PRD-0358,Realme XPhone L163,Tablet,Nokia,Global Distributors
PRD-0359,OnePlus XPhone T51,Laptop,Samsung,Prime Wholesale
PRD-0360,Sony Phone U173,Wearable,POCO,Global Distributors
PRD-0361,Vivo Pro X13,Laptop,Xiaomi,Sunrise Traders
PRD-0362,Sony Phone M169,Wearable,OnePlus,Meraki Supplies
PRD-0363,POCO Alpha K76,Wearable,Vivo,Meraki Supplies
PRD-0364,OnePlus Lite X142,Home Appliance,Xiaomi,Urban Retail
PRD-0365,Motorola Pro W164,Home Appliance,Vivo,Meraki Supplies
PRD-0366,Vivo Alpha Z4,Accessory,Xiaomi,Meraki Supplies
PRD-0367,Apple Lite I38,tablet,Vivo,Sunrise Traders
PRD-0368,Nokia Lite U144,Home Appliance,NOKIA,Prime Wholesale
PRD-0369,Motorola Alpha Z176,Tablet,Motorola,Urban Retail
PRD-0370,OnePlus Pro X155,Home Appliance,Xiaomi,Urban Retail
PRD-0371,Nokia Phone M11,Mobile,Xiaomi,Global Distributors
PRD-0372,Apple Smart K153,Wearable,Samsung,Meraki Supplies
PRD-0373,VIVO PRO H48,Mobile,OnePlus,Meraki Supplies
PRD-0374,OnePlus XPhone L76,Home Appliance,MOTOROLA,Prime Wholesale
PRD-0375,SonySmartU158,Mobile,Vivo,Meraki Supplies
PRD-0376,Motorola Phone Q198,Home Appliance,Vivo,Global Distributors
PRD-0377,Vivo Phone F198,Laptop,Nokia,Global Distributors
PRD-0378,Nokia Smart R180,Tablet,Apple,Global Distributors
PRD-0379,Realme Phone B46,Tablet,Nokia,Prime Wholesale
PRD-0380,Samsung XPhone A100,Wearable,SAMSUNG,Meraki Supplies
PRD-0381,Realme Pro D75,Home Appliance,XIAOMI,Urban Retail
PRD-0382,Nokia Smart E192,Accessory,Motorola,Global Distributors
PRD-0383,SAMSUNG PRO R37,Mobile,Motorola,Sunrise Traders
PRD-0384,Xiaomi Alpha U132,Laptop,Sony,Global Distributors
PRD-0385,VIVO PRO O166,Wearable,Motorola,Meraki Supplies
PRD-0386,OnePlus Smart V168,Tablet,Realme,Urban Retail
PRD-0387,Motorola Smart S146,Laptop,Nokia,Meraki Supplies
PRD-0388,Motorola XPhone E174,Wearable,Sony,Global Distributors
PRD-0389,OnePlus XPhone E138,Mobile,Apple,Urban Retail
PRD-0390,SonyProM197,Wearable,Xiaomi,Meraki Supplies
PRD-0391,Sony Alpha H198,Tablet,Apple,Sunrise Traders
PRD-0392,Vivo Pro V43,Laptop,POCO,Meraki Supplies
PRD-0393,POCO Phone H195,Wearable,Motorola,Prime Wholesale
PRD-0394,Apple Alpha O12,Accessory,Realme,Urban Retail
PRD-0395,Nokia Pro S45,Wearable,OnePlus,Urban Retail
PRD-0396,poco alpha l89,Tablet,Samsung,Urban Retail
PRD-0397,Xiaomi Lite I55,Laptop,Motorola,Global Distributors
PRD-0398,POCO Alpha V123,mobile,Sony,Sunrise Traders
PRD-0399,Apple Smart U132,Wearable,Sony,Urban Retail
PRD-0400,Realme Lite A185,Tablet,Nokia,Urban Retail
PRD-0401,Xiaomi Smart Z150,Tablet,Samsung,Sunrise Traders
PRD-0402,SAMSUNG ALPHA M34,Laptop,Xiaomi,Prime Wholesale
PRD-0403,Vivo Pro T10,Wearable,Apple,Prime Wholesale
PRD-0404,Apple Pro N95,Tablet,Sony,Global Distributors
PRD-0405,POCO Alpha E66,Wearable,OnePlus,Global Distributors
PRD-0406,Sony Lite X2,Accessory,Samsung,Sunrise Traders
PRD-0407,Realme Alpha U150,Home Appliance,OnePlus,Prime Wholesale
PRD-0408,POCO Pro Z143,Wearable,Nokia,Sunrise Traders
PRD-0409,OnePlus Lite D192,Tablet,Vivo,Urban Retail
PRD-0410,apple lite v181,Laptop,Sony,Prime Wholesale
PRD-0411,OnePlus Phone C68,Tablet,Vivo,Meraki Supplies
PRD-0412,Xiaomi Lite T15,Wearable,Apple,Urban Retail
PRD-0413,OnePlus Pro Q179,Laptop,Realme,Prime Wholesale
PRD-0414,Nokia XPhone V102,Mobile,Vivo,Urban Retail
PRD-0415,OnePlus XPhone L71,Accessory,Vivo,Global Distributors
PRD-0416,Realme Pro C129,Wearable,Sony,Meraki Supplies
PRD-0417,Sony Lite O97,Home Appliance,Sony,Global Distributors
PRD-0418,Samsung Alpha D67,Accessory,Motorola,Urban Retail
PRD-0419,Realme Pro A180,Mobile,Xiaomi,Prime Wholesale
PRD-0420,Sony XPhone L56,Tablet,OnePlus,Sunrise Traders
PRD-0421,OnePlus XPhone G59,Mobile,POCO,Urban Retail
PRD-0422,Apple Phone Y139,Wearable,POCO,Sunrise Traders
PRD-0423,OnePlus Pro I102,Wearable,MOTOROLA,Prime Wholesale
PRD-0424,POCO Lite Y45,Mobile,Nokia,Urban Retail
PRD-0425,Sony Phone K93,Wearable,Xiaomi,Prime Wholesale
PRD-0426,Motorola Alpha G108,Wearable,Samsung,Meraki Supplies
PRD-0427,Nokia Smart R111,Mobile,POCO,Sunrise Traders
PRD-0428,Motorola Lite Q137,Tablet,Xiaomi,Global Distributors
PRD-0429,Samsung Smart I122,Accessory,Nokia,Global Distributors
PRD-0430,OnePlus XPhone V156,Accessory,Vivo,Prime Wholesale
PRD-0431,Nokia Lite O21,Home Appliance,Motorola,Prime Wholesale
PRD-0432,Nokia Lite T147,Accessory,Realme,Urban Retail
PRD-0433,POCO Lite M70,Tablet,Xiaomi,Global Distributors
PRD-0434,Realme Smart X61,Mobile,POCO,Urban Retail
PRD-0435,Nokia Phone A198,Mobile,Nokia,Meraki Supplies
PRD-0436,Realme Smart H189,Mobile,Motorola,Prime Wholesale
PRD-0437,Vivo Alpha R70,Wearable,Sony,Prime Wholesale
PRD-0438,Vivo Pro U164,Tablet,Nokia,Meraki Supplies
PRD-0439,Apple Smart J3,Wearable,POCO,Prime Wholesale
PRD-0440,Nokia XPhone A197,Laptop,Vivo,Prime Wholesale
PRD-0441,Nokia Alpha H42,Wearable,Sony,Meraki Supplies
PRD-0442,Vivo XPhone U191,Accessory,POCO,Urban Retail
PRD-0443,Sony Alpha I180,Mobile,Samsung,Meraki Supplies
PRD-0444,POCO XPhone E184,Accessory,POCO,Meraki Supplies
PRD-0445,Motorola Alpha W9,Tablet,POCO,Sunrise Traders
PRD-0446,Apple Smart I98,Tablet,Apple,Sunrise Traders
PRD-0447,Samsung Alpha X198,Accessory,Xiaomi,Global Distributors
PRD-0448,Samsung Lite R134,Home Appliance,Samsung,Sunrise Traders
PRD-0449,Apple Lite N84,Mobile,Sony,Prime Wholesale
PRD-0450,Motorola Lite T40,Accessory,Apple,Global Distributors
PRD-0451,Vivo XPhone U40,Home Appliance,POCO,Sunrise Traders
PRD-0452,Motorola Phone W97,Wearable,POCO,Sunrise Traders
PRD-0453,Motorola Pro F140,Wearable,Vivo,Sunrise Traders
PRD-0454,VivoAlphaJ68,Laptop,Sony,Meraki Supplies
PRD-0455,Samsung Pro H83,Tablet,Xiaomi,Urban Retail
PRD-0456,Motorola XPhone K105,Laptop,Apple,Sunrise Traders
PRD-0457,SAMSUNG PHONE P50,Wearable,Realme,Global Distributors
PRD-0458,SAMSUNG XPHONE H156,Mobile,Apple,Meraki Supplies
PRD-0459,Motorola Pro X107,Home Appliance,Realme,Global Distributors
PRD-0460,Samsung Smart Q25,Laptop,Xiaomi,Urban Retail
PRD-0461,Samsung Lite R107,Tablet,Xiaomi,Sunrise Traders
PRD-0462,Motorola Pro M130,Accessory,Motorola,Meraki Supplies
PRD-0463,Nokia Alpha Y163,Tablet,Realme,Meraki Supplies
PRD-0464,Apple Alpha O102,Accessory,ONEPLUS,Sunrise Traders
PRD-0465,Realme XPhone A198,Mobile,MOTOROLA,Sunrise Traders
PRD-0466,Sony Smart I94,Wearable,Samsung,Meraki Supplies
PRD-0467,Sony Alpha F125,wearable,Apple,Meraki Supplies
PRD-0468,Samsung XPhone N107,Mobile,Nokia,Global Distributors
PRD-0469,Motorola XPhone Q11,Mobile,Nokia,Prime Wholesale
PRD-0470,Samsung Pro S130,Mobile,Apple,Urban Retail
PRD-0471,Nokia Alpha I22,Wearable,Nokia,Urban Retail
PRD-0472,Vivo Smart R158,Wearable,Nokia,Prime Wholesale
PRD-0473,Motorola XPhone L49,Accessory,POCO,Urban Retail
PRD-0474,OnePlus Smart O12,Mobile,OnePlus,Urban Retail
PRD-0475,Motorola Smart J4,laptop,OnePlus,Sunrise Traders
PRD-0476,Realme Pro Q193,Home Appliance,SONY,Urban Retail
PRD-0477,Apple Phone I44,Home Appliance,Samsung,Prime Wholesale
PRD-0478,MotorolaLiteI170,Laptop,Vivo,Global Distributors
PRD-0479,Vivo XPhone P153,Home Appliance,ONEPLUS,Urban Retail
PRD-0480,NokiaXPhoneK126,Accessory,Vivo,Meraki Supplies
PRD-0481,nokia phone u66,Accessory,Motorola,Prime Wholesale
PRD-0482,Nokia Lite E23,Tablet,Xiaomi,Prime Wholesale
PRD-0483,POCO XPhone T85,Laptop,Realme,Urban Retail
PRD-0484,Xiaomi Smart N198,Wearable,Samsung,Sunrise Traders
PRD-0485,Apple XPhone E187,Tablet,Realme,Sunrise Traders
PRD-0486,XIAOMI SMART D34,Wearable,OnePlus,Sunrise Traders
PRD-0487,Samsung Lite A92,Home Appliance,Xiaomi,Prime Wholesale
PRD-0488,XiaomiAlphaP36,accessory,OnePlus,Sunrise Traders
PRD-0489,POCO Smart C46,Laptop,Apple,Urban Retail
PRD-0490,Motorola Lite M185,Home Appliance,Apple,Urban Retail
PRD-0491,Apple Phone O117,Mobile,Vivo,Global Distributors
PRD-0492,Nokia Smart J113,Accessory,Apple,Urban Retail
PRD-0493,POCO Smart O166,Home Appliance,Nokia,Prime Wholesale
PRD-0494,Xiaomi XPhone O7,Mobile,Xiaomi,Global Distributors
PRD-0495,POCO Phone D181,Wearable,Xiaomi,Prime Wholesale
PRD-0496,Xiaomi Pro M12,Laptop,Apple,Prime Wholesale
PRD-0497,POCO XPhone J187,Mobile,Realme,Global Distributors
PRD-0498,Vivo Alpha P128,Home Appliance,Nokia,Prime Wholesale
PRD-0499,Apple Phone T154,Laptop,XIAOMI,Global Distributors
PRD-0500,Xiaomi Lite L10,Mobile,NOKIA,Sunrise Traders
PRD-0362,Sony Phone M169,Wearable,OnePlus,Meraki Supplies
PRD-0461,Samsung Lite R107,Tablet,Xiaomi,Sunrise Traders
PRD-0370,OnePlus Pro X155,Home Appliance,Xiaomi,Urban Retail
PRD-0459,Motorola Pro X107,Home Appliance,Realme,Global Distributors
PRD-0486,XIAOMI SMART D34,Wearable,OnePlus,Sunrise Traders
PRD-0009,Realme Lite O37,Tablet,Nokia,Meraki Supplies
